<?xml version="1.0"?>
<BlastXML2
xmlns="http://www.ncbi.nlm.nih.gov"
xmlns:xi="http://www.w3.org/2003/XInclude"xmlns:xs="http://www.w3.org/2001/XMLSchema-instance"
xs:schemaLocation="http://www.ncbi.nlm.nih.gov http://www.ncbi.nlm.nih.gov/data_specs/schema_alt/NCBI_BlastOutput2.xsd">
	<xi:include href="0GA5FXSX01N_1.xml"/>
	<xi:include href="0GA5FXSX01N_2.xml"/>
	<xi:include href="0GA5FXSX01N_3.xml"/>
	<xi:include href="0GA5FXSX01N_4.xml"/>
	<xi:include href="0GA5FXSX01N_5.xml"/>
	<xi:include href="0GA5FXSX01N_6.xml"/>
	<xi:include href="0GA5FXSX01N_7.xml"/>
	<xi:include href="0GA5FXSX01N_8.xml"/>
	<xi:include href="0GA5FXSX01N_9.xml"/>
	<xi:include href="0GA5FXSX01N_10.xml"/>
	<xi:include href="0GA5FXSX01N_11.xml"/>
	<xi:include href="0GA5FXSX01N_12.xml"/>
	<xi:include href="0GA5FXSX01N_13.xml"/>
	<xi:include href="0GA5FXSX01N_14.xml"/>
	<xi:include href="0GA5FXSX01N_15.xml"/>
	<xi:include href="0GA5FXSX01N_16.xml"/>
	<xi:include href="0GA5FXSX01N_17.xml"/>
	<xi:include href="0GA5FXSX01N_18.xml"/>
	<xi:include href="0GA5FXSX01N_19.xml"/>
	<xi:include href="0GA5FXSX01N_20.xml"/>
	<xi:include href="0GA5FXSX01N_21.xml"/>
	<xi:include href="0GA5FXSX01N_22.xml"/>
	<xi:include href="0GA5FXSX01N_23.xml"/>
	<xi:include href="0GA5FXSX01N_24.xml"/>
	<xi:include href="0GA5FXSX01N_25.xml"/>
	<xi:include href="0GA5FXSX01N_26.xml"/>
	<xi:include href="0GA5FXSX01N_27.xml"/>
	<xi:include href="0GA5FXSX01N_28.xml"/>
	<xi:include href="0GA5FXSX01N_29.xml"/>
	<xi:include href="0GA5FXSX01N_30.xml"/>
	<xi:include href="0GA5FXSX01N_31.xml"/>
	<xi:include href="0GA5FXSX01N_32.xml"/>
	<xi:include href="0GA5FXSX01N_33.xml"/>
	<xi:include href="0GA5FXSX01N_34.xml"/>
	<xi:include href="0GA5FXSX01N_35.xml"/>
	<xi:include href="0GA5FXSX01N_36.xml"/>
	<xi:include href="0GA5FXSX01N_37.xml"/>
	<xi:include href="0GA5FXSX01N_38.xml"/>
	<xi:include href="0GA5FXSX01N_39.xml"/>
	<xi:include href="0GA5FXSX01N_40.xml"/>
	<xi:include href="0GA5FXSX01N_41.xml"/>
	<xi:include href="0GA5FXSX01N_42.xml"/>
	<xi:include href="0GA5FXSX01N_43.xml"/>
	<xi:include href="0GA5FXSX01N_44.xml"/>
	<xi:include href="0GA5FXSX01N_45.xml"/>
</BlastXML2>
