{
	"BlastJSON": [
		{"File": "0GA5FXSX01N_1.json" },
		{"File": "0GA5FXSX01N_2.json" },
		{"File": "0GA5FXSX01N_3.json" },
		{"File": "0GA5FXSX01N_4.json" },
		{"File": "0GA5FXSX01N_5.json" },
		{"File": "0GA5FXSX01N_6.json" },
		{"File": "0GA5FXSX01N_7.json" },
		{"File": "0GA5FXSX01N_8.json" },
		{"File": "0GA5FXSX01N_9.json" },
		{"File": "0GA5FXSX01N_10.json" },
		{"File": "0GA5FXSX01N_11.json" },
		{"File": "0GA5FXSX01N_12.json" },
		{"File": "0GA5FXSX01N_13.json" },
		{"File": "0GA5FXSX01N_14.json" },
		{"File": "0GA5FXSX01N_15.json" },
		{"File": "0GA5FXSX01N_16.json" },
		{"File": "0GA5FXSX01N_17.json" },
		{"File": "0GA5FXSX01N_18.json" },
		{"File": "0GA5FXSX01N_19.json" },
		{"File": "0GA5FXSX01N_20.json" },
		{"File": "0GA5FXSX01N_21.json" },
		{"File": "0GA5FXSX01N_22.json" },
		{"File": "0GA5FXSX01N_23.json" },
		{"File": "0GA5FXSX01N_24.json" },
		{"File": "0GA5FXSX01N_25.json" },
		{"File": "0GA5FXSX01N_26.json" },
		{"File": "0GA5FXSX01N_27.json" },
		{"File": "0GA5FXSX01N_28.json" },
		{"File": "0GA5FXSX01N_29.json" },
		{"File": "0GA5FXSX01N_30.json" },
		{"File": "0GA5FXSX01N_31.json" },
		{"File": "0GA5FXSX01N_32.json" },
		{"File": "0GA5FXSX01N_33.json" },
		{"File": "0GA5FXSX01N_34.json" },
		{"File": "0GA5FXSX01N_35.json" },
		{"File": "0GA5FXSX01N_36.json" },
		{"File": "0GA5FXSX01N_37.json" },
		{"File": "0GA5FXSX01N_38.json" },
		{"File": "0GA5FXSX01N_39.json" },
		{"File": "0GA5FXSX01N_40.json" },
		{"File": "0GA5FXSX01N_41.json" },
		{"File": "0GA5FXSX01N_42.json" },
		{"File": "0GA5FXSX01N_43.json" },
		{"File": "0GA5FXSX01N_44.json" },
		{"File": "0GA5FXSX01N_45.json" }
	]
}