{
  "BlastOutput2": {
    "report": {
      "program": "blastp",
      "version": "BLASTP 2.15.0+",
      "reference": "Stephen F. Altschul, Thomas L. Madden, Alejandro A. Sch&auml;ffer, Jinghui Zhang, Zheng Zhang, Webb Miller, and David J. Lipman (1997), \"Gapped BLAST and PSI-BLAST: a new generation of protein database search programs\", Nucleic Acids Res. 25:3389-3402.",
      "search_target": {
        "db": "swissprot"
      },
      "params": {
        "matrix": "BLOSUM62",
        "expect": 0.05,
        "gap_open": 11,
        "gap_extend": 1,
        "filter": "F",
        "cbs": 2
      },
      "results": {
        "search": {
          "query_id": "Query_146887",
          "query_title": "sequence_316",
          "query_len": 146,
          "hits": [
          ],
          "stat": {
            "db_num": 482815,
            "db_len": 183557828,
            "hsp_len": 0,
            "eff_space": 0,
            "kappa": 0.041,
            "lambda": 0.267,
            "entropy": 0.14
          },
          "message": "No hits found"
        }
      }
    }
  }
}
